"Reference","Value","Datasheet","Footprint","Qty","DNP"
"C1,C2,C3,C4,C5,C6,C7,C8,C9,C10,C11,C12,C13,C14,C15,C16","C","~","Capacitor_SMD:C_0603_1608Metric","16",""
"D1,D2,D3,D4,D5,D6,D7,D8,D9,D10,D11,D12,D13,D14,D15,D16,D17,D18,D19,D20,D21,D22,D23,D24,D25,D26,D27,D28,D29,D30,D31,D32","LED","~","LED_THT:LED_Rectangular_W5.0mm_H2.0mm","32",""
"J1","ALU to Registers","~","Connector_PinHeader_2.54mm:PinHeader_2x16_P2.54mm_Vertical","1",""
"R1,R2,R3,R4,R5,R6,R7,R8,R9,R10,R11,R12,R13,R14,R15,R16,R17,R18,R19,R20,R21,R22,R23,R24,R25,R26,R27,R28,R29,R30,R31,R32","R","~","Resistor_SMD:R_0805_2012Metric","32",""
"SW1,SW2","SW_SPDT","~","Button_Switch_THT:SW_E-Switch_EG1271_SPDT","2",""
"U1,U2,U3,U4,U5,U6","74LS04","http://www.ti.com/lit/gpn/sn74LS04","-- mixed values --","6",""
"U7,U8,U9,U10","~","","Package_DIP:DIP-16_W7.62mm_Socket_LongPads","4",""
"U11,U12,U13,U14","74LS191","http://www.ti.com/lit/gpn/sn74LS191","Package_DIP:DIP-16_W7.62mm_Socket_LongPads","4",""
"U15,U16,U17,U18","74LS245","http://www.ti.com/lit/gpn/sn74LS245","Package_DIP:DIP-20_W7.62mm_LongPads","4",""
